Iteration,AverageDiscountedReturn,AverageReturn,ExplainedVariance,NumTrajs,Entropy,Perplexity,StdReturn,MaxReturn,MinReturn,AveragePolicyStd,LossBefore,LossAfter,MeanKLBefore,MeanKL,dLoss
0,-70.565409032,-248.023024994,5.06605868367e-12,47,21.1986351195,1608608118.68,98.5152575797,-116.393414538,-449.447194966,5.0,-6.05516620612e-17,-0.0146238206339,0.0,0.0070609426321,0.0146238206339
1,-71.3184265162,-252.088695554,0.699857876983,46,21.1789117194,1577191734.6,91.7842082757,-124.689269108,-499.130646259,4.98603316763,-1.14561436517e-16,-0.0170824209268,0.0,0.00664527700132,0.0170824209268
2,-61.6518111218,-196.86058937,0.538040048174,47,21.1905423607,1595642575.5,80.7270115322,-119.759339855,-383.616805756,4.99441137247,5.42287871269e-17,-0.0138202413517,0.0,0.00642504972358,0.0138202413517
3,-57.8189679614,-172.741343938,0.579799229369,47,21.1762842236,1573053109.49,69.105424683,-114.312798065,-374.80857542,4.98451825468,-2.03055110073e-16,-0.0163672166261,0.0,0.00665193391192,0.0163672166261
4,-57.0996735426,-162.879580011,0.66827229261,48,21.162181345,1551024232.81,61.3994859343,-114.798430734,-336.694600216,4.97450770322,-8.13554888549e-17,-0.0194390335908,0.0,0.00966924074115,0.0194390335908
5,-53.4543590859,-140.037467352,0.356333107498,48,21.1473201738,1528144626.13,17.4337872847,-115.088864383,-212.247897945,4.96395259958,-9.60751014224e-17,-0.0144130847419,0.0,0.00779929223096,0.0144130847419
6,-52.901641052,-136.514366897,0.827553014042,49,21.1363090898,1511410397.38,19.2145103861,-112.141119103,-223.878450043,4.95603988825,1.43264261284e-17,-0.0147976304745,0.0,0.00976707258115,0.0147976304745
7,-51.8376521233,-129.17945676,0.892799362683,50,21.1193055099,1485928267.5,12.5834040012,-109.068647657,-167.453547371,4.94431036074,-5.64387084211e-17,-0.0165404226735,0.0,0.00665995566188,0.0165404226735
8,-51.7137405297,-128.866141206,0.87682859145,50,21.1335199139,1507200681.39,12.9046780896,-109.042657097,-177.021898249,4.95430189103,1.21185155484e-16,-0.0169558653948,0.0,0.00905425824691,0.0169558653948
9,-51.3957866216,-126.009526224,0.940258350227,51,21.1424449306,1520712680.34,7.97029609534,-111.469602804,-156.828720519,4.96078018203,-1.45914325411e-16,-0.012744390315,0.0,0.00649117394023,0.012744390315
10,-50.7855176972,-125.037741265,0.943329318196,50,21.134398823,1508525956.07,7.57297889889,-113.259156045,-151.676088617,4.9554736058,-1.0770638313e-16,-0.014877535829,0.0,0.00699835585804,0.014877535829
11,-49.5025776624,-118.782866678,0.959332491421,52,21.1274325249,1498053633.64,6.10067817795,-107.539454326,-134.024476266,4.9506556854,8.05762889384e-17,-0.0133459856424,0.0,0.0093679821,0.0133459856424
12,-49.0078957085,-117.537965817,0.970174039486,52,21.1051567673,1465052283.74,5.73262752911,-104.500159776,-132.124334422,4.93471648861,-3.77300645252e-17,-0.0138679827576,0.0,0.00711080745881,0.0138679827576
13,-48.4471577614,-114.187251537,0.965874281234,53,21.0889107313,1441443287.09,6.22515396902,-102.168604604,-138.780541541,4.92312136581,-8.64994802654e-17,-0.0167171346521,0.0,0.00926961143557,0.0167171346521
14,-47.8740327718,-113.144454855,0.950823501839,53,21.0492071817,1385334109.34,7.70227957386,-103.435651068,-151.966101941,4.8959003907,1.34048988398e-17,-0.0143105547033,0.0,0.00665088424893,0.0143105547033
15,-47.5810419845,-111.568041057,0.959100844995,53,21.0150714732,1338842769.87,5.4812439744,-101.763116908,-126.633056936,4.87231016368,2.1041138887e-17,-0.0162892692381,0.0,0.00985655639734,0.0162892692381
16,-47.2628346072,-109.794407686,0.977118232652,53,21.025952471,1353490260.17,4.25857506685,-102.271952531,-119.093517003,4.88006119954,2.16023920791e-16,-0.0138908524938,0.0,0.00654133507391,0.0138908524938
17,-47.1737121398,-109.789046623,0.972535503302,53,20.9855866794,1299943552.66,4.90484655284,-100.821484206,-126.608397513,4.85165428478,-2.27980560448e-16,-0.0132325426288,0.0,0.00651525290145,0.0132325426288
18,-46.8533258581,-108.19955747,0.974669529541,54,20.9798959946,1292566992.38,4.28451323012,-98.8369494541,-120.937454754,4.84755472641,3.64525242274e-16,-0.0133628797528,0.0,0.00938912286509,0.0133628797528
19,-46.7049611992,-108.035592073,0.964734453508,54,20.979299664,1291796424.89,4.92241408791,-98.0913554168,-125.487313872,4.84681651547,5.47879502875e-18,-0.0162193787414,0.0,0.0098885553923,0.0162193787414
20,-46.3313760751,-107.059636059,0.980244736997,54,20.9470179367,1250760917.07,3.54284670378,-101.499371545,-114.720971935,4.82440905241,2.48854808481e-16,-0.015385745026,0.0,0.00997657899542,0.015385745026
21,-45.8154476395,-104.31385346,0.986432875829,55,20.9391875048,1241005164.61,2.996985164,-98.8365134515,-119.048765752,4.81968522903,-4.85360139671e-17,-0.0171642463839,0.0,0.00856074031929,0.0171642463839
22,-45.7823105245,-104.184249076,0.9834834889,55,20.9264027634,1225240224.62,3.37158868916,-97.4268281958,-113.7491615,4.81135173339,4.32502753159e-16,-0.0138354563881,0.0,0.00925739924529,0.0138354563881
23,-45.612727898,-104.517024035,0.978823861287,54,20.9059187608,1200397706.41,3.87653769274,-96.2874934651,-117.11208054,4.7972219843,6.31257033553e-16,-0.0160339363146,0.0,0.0095284138195,0.0160339363146
24,-45.3885695137,-102.980444916,0.982460994723,55,20.9053622492,1199729857.02,3.24689756584,-97.484435045,-109.417419099,4.79765456323,-2.52593556496e-16,-0.0117870183082,0.0,0.0062902820279,0.0117870183082
25,-45.2397577177,-102.524205693,0.980640751773,55,20.8650657786,1152346089.02,3.86834293064,-94.1807837154,-115.827613696,4.77085313481,-8.40327576706e-17,-0.0165039014897,0.0,0.0098186160024,0.0165039014897
26,-44.7934882533,-101.082531321,0.986299473242,55,20.8323250597,1115228395.32,2.70006695023,-94.3485698705,-107.660257758,4.7492786003,2.79869638998e-16,-0.0123432363762,0.0,0.00730055126562,0.0123432363762
27,-44.8455510752,-102.073770494,0.988247037498,55,20.8188844119,1100339286.99,2.81469681753,-97.4362711528,-108.295554088,4.73999767091,-1.22589397703e-16,-0.012350353717,0.0,0.00906133518629,0.012350353717
28,-44.6795697572,-101.349302108,0.986708468194,55,20.8048375744,1084991049.25,2.68605082672,-96.0709203489,-108.571753756,4.73192968238,2.29771149619e-16,-0.0148966768464,0.0,0.00839441718733,0.0148966768464
29,-44.6375542418,-101.516333269,0.983814272853,55,20.7781673695,1056436584.93,3.17346908472,-96.5222468624,-109.514392553,4.71369270146,1.43566160772e-17,-0.016322432302,0.0,0.00938956832274,0.016322432302
30,-44.7218179122,-101.609035524,0.984732159747,55,20.7185948358,995339890.976,3.0773303033,-93.9580106537,-107.322386693,4.67347036053,3.55318490168e-16,-0.0131472873452,0.0,0.00973139976755,0.0131472873452
31,-44.3274912798,-99.8901884656,0.986172943105,55,20.6763861462,954202190.066,3.40519748978,-92.5794568292,-110.074470154,4.646629809,2.62695813833e-16,-0.0131746722096,0.0,0.00712059221373,0.0131746722096
32,-44.0257310696,-98.9914069534,0.981048612316,56,20.6440877331,923875363.996,3.18783200639,-93.6784047422,-108.312407934,4.6242710913,-4.53076261579e-16,-0.0136068803393,0.0,0.00924897776342,0.0136068803393
33,-43.8566227102,-98.0038622909,0.984984762945,56,20.5799619026,866490672.558,2.81803472862,-92.1717030542,-104.841481458,4.58187519492,1.20290633153e-16,-0.0155982645197,0.0,0.00674907945294,0.0155982645197
34,-43.8143093484,-98.0465165563,0.984413558684,56,20.5509112928,841680707.281,3.35695840685,-90.4624321415,-106.779632236,4.56360503311,2.1429548909e-16,-0.0147101944181,0.0,0.00952145991303,0.0147101944181
35,-43.4749293484,-96.5084329933,0.986688131247,56,20.5160961881,812881733.845,2.40037329158,-91.7779242889,-101.965156463,4.54194789779,3.74542411321e-17,-0.0135584512535,0.0,0.00702824478199,0.0135584512535
36,-43.2806014139,-96.3495686559,0.985818433608,56,20.4703149286,776506000.833,2.64846312397,-91.0440187163,-103.441104221,4.5121464566,1.78267697843e-16,-0.0241534485962,0.0,0.00766363514972,0.0241534485962
37,-43.4270494935,-97.1739601376,0.985156257178,56,20.4469681112,758587046.231,3.04181094617,-88.1796150454,-104.204388906,4.49770839839,-5.72707127544e-17,-0.0138769317907,0.0,0.0096003771804,0.0138769317907
38,-42.9742260804,-96.0452193772,0.988579009005,56,20.4088623904,730224362.202,2.65120727678,-91.4086703146,-104.261647838,4.47279264161,1.97104414268e-17,-0.0122929651282,0.0,0.00670032254179,0.0122929651282
39,-42.6653237383,-94.6925530084,0.989591022965,56,20.3398663881,681540604.274,2.44635785207,-89.1801151703,-100.241792639,4.42804445009,6.08546262611e-17,-0.0125724373739,0.0,0.00632260730853,0.0125724373739
40,-42.7084289147,-95.6840981111,0.987136125599,56,20.3077056539,659970472.832,2.63399064526,-90.6395395319,-100.62701213,4.40781711227,7.69122474948e-17,-0.013023690145,0.0,0.00977956820396,0.013023690145
41,-42.4178925249,-94.5481976834,0.98731296938,56,20.2825795913,643594605.497,2.65681227469,-89.9095147824,-99.8899255428,4.39265391572,8.1402360886e-17,-0.0124028019472,0.0,0.00712500659183,0.0124028019472
42,-42.2324698834,-94.1710712121,0.991158752258,56,20.2186664123,603747373.315,2.20678669021,-88.4043717861,-98.4500834372,4.35304279694,3.0947866192e-16,-0.0124118963521,0.0,0.00700936055036,0.0124118963521
43,-41.9258339156,-93.186892732,0.989800884972,56,20.1824235231,582257602.115,2.55648392452,-86.9539371031,-98.4681016475,4.32965258592,2.303906484e-16,-0.0159768611033,0.0,0.00974845917115,0.0159768611033
44,-41.7944962805,-92.5074424188,0.989670802343,57,20.134874266,555219598.273,2.33426318349,-87.9501740011,-98.2141509359,4.30048541272,5.05178821599e-17,-0.0116695649862,0.0,0.00644666149597,0.0116695649862
45,-41.5335760026,-92.0310697015,0.989479575086,57,20.1010158621,536735436.757,2.32412244514,-87.1697995171,-97.6869826285,4.28005581324,2.95346392512e-17,-0.0150850838425,0.0,0.00974793767549,0.0150850838425
46,-41.4981499209,-92.4231349996,0.991841934346,56,20.0299025664,499891966.667,2.02210424544,-88.2997855602,-96.8433234609,4.23846700952,1.83379131606e-16,-0.0154037274718,0.0,0.00981723624646,0.0154037274718
47,-41.2437188224,-91.60106205,0.988381697389,57,19.9982231016,484303871.637,2.40047544551,-86.0338652968,-97.6791364089,4.21997693697,1.86784865418e-17,-0.014835444577,0.0,0.00913313745861,0.014835444577
48,-41.0019957219,-90.6506449804,0.990187334737,57,19.9622018008,467169077.665,2.22030626073,-85.5461556843,-96.6835311528,4.19934922605,3.19898483511e-18,-0.0128785863403,0.0,0.00647904885888,0.0128785863403
49,-40.76723335,-90.2496104331,0.987377631614,57,19.9001965856,439081931.441,2.76017814484,-84.3946810669,-97.0471506652,4.16234280789,7.97658760067e-18,-0.014671810237,0.0,0.00972760316872,0.014671810237
50,-40.5866243442,-89.2281104215,0.99191592875,57,19.8099298835,401183659.246,1.86765293713,-85.8228156646,-94.1929024083,4.10793211844,-2.24955932453e-16,-0.0156112906858,0.0,0.00947776126897,0.0156112906858
51,-40.4508246756,-89.1612961998,0.990306458878,57,19.7746561349,387279082.64,2.20883825173,-85.0228442399,-94.2925679009,4.0875803323,2.97004224674e-16,-0.0119695102439,0.0,0.00641227550459,0.0119695102439
52,-40.2710424853,-88.59896424,0.990060174541,57,19.7024790643,360311345.529,2.1679690166,-81.7383754912,-94.4962745795,4.04725862347,5.60128410477e-18,-0.0136437319299,0.0,0.0069789204897,0.0136437319299
53,-40.2082765051,-88.4073415565,0.990442511175,57,19.6757644541,350813202.828,1.98815780168,-83.3687079984,-93.1722131069,4.03249337153,1.57299115868e-16,-0.0132228636216,0.0,0.00663230777802,0.0132228636216
54,-39.9795973587,-87.7572391974,0.992730507105,57,19.6277817876,334377712.449,1.87036215261,-84.1878646347,-92.9190519708,4.00689805,3.27326090911e-16,-0.015191276123,0.0,0.00964537227797,0.015191276123
55,-39.8202882219,-87.3428042991,0.985423189294,57,19.5737666581,316795387.472,2.67388538073,-82.1297737392,-99.5046207148,3.97704551843,-1.7215101608e-16,-0.0133390740573,0.0,0.00704412472367,0.0133390740573
56,-39.7378191988,-86.8791776963,0.988959555074,58,19.5097533663,297151707.593,2.2495769105,-82.0864117724,-91.6324704036,3.94206525227,-1.72123364877e-16,-0.0141188499677,0.0,0.00648108374249,0.0141188499677
57,-39.6916501493,-86.9083886682,0.986706827292,57,19.442529816,277832734.476,2.15273024208,-82.0508793818,-95.686507646,3.9041223695,6.65112613833e-17,-0.0132532487613,0.0,0.00988151433832,0.0132532487613
58,-39.5932612947,-86.7387779806,0.989196104737,57,19.4147307893,270215619.583,2.08750379462,-82.8372249798,-92.5395338782,3.89034267442,3.30790950187e-17,-0.0159902272817,0.0,0.00986975646061,0.0159902272817
59,-39.3101455362,-85.9798502123,0.990633856152,58,19.3658257343,257318643.87,2.02649747771,-81.7425504181,-91.3038353111,3.86381639598,-2.49300793033e-16,-0.0132074637873,0.0,0.00955124270555,0.0132074637873
60,-39.0116146996,-85.1697695557,0.988396943771,58,19.2687215528,233506752.398,2.11638386617,-80.2031217948,-90.4873571188,3.81066968766,4.72495862441e-17,-0.0146868420749,0.0,0.0097537648037,0.0146868420749
61,-39.0949633897,-85.4620478461,0.988460923881,58,19.2230976425,223092634.056,2.39257344777,-80.9419015721,-96.8187113163,3.78744185512,7.33014213474e-17,-0.0114039296888,0.0,0.00698713297025,0.0114039296888
62,-38.8758327844,-84.7809363265,0.990684967328,58,19.1427288657,205864525.192,1.90343700655,-79.5987264493,-89.9433607425,3.74516758513,-1.76239121749e-16,-0.0121463437353,0.0,0.00683618465202,0.0121463437353
63,-38.8740346053,-84.8508593179,0.989274889887,58,19.0639617858,190271353.167,2.27815202936,-81.1838653448,-90.6610672151,3.70550247066,-1.84756009209e-16,-0.0132159472199,0.0,0.00701486597504,0.0132159472199
64,-38.7125225455,-84.2561955023,0.992861618934,58,19.0101144569,180296712.936,1.89759267108,-80.2431008182,-88.7876388055,3.67967466352,-7.1286041e-17,-0.0125209873833,0.0,0.00654723959886,0.0125209873833
65,-38.5436323532,-83.7021166399,0.992477087129,58,18.9440732927,168774370.098,1.93950682212,-79.4135056901,-87.2412622575,3.64596629642,-1.98064847472e-17,-0.013971355365,0.0,0.00956805932349,0.013971355365
66,-38.3158700332,-83.4351003779,0.992155460687,58,18.8529301326,154071930.516,1.9819740451,-78.9221496521,-89.4125625179,3.59904516494,3.88187251307e-16,-0.0142992144769,0.0,0.00942254014199,0.0142992144769
67,-38.4094186823,-83.3393192431,0.993141171563,58,18.7710405505,141957823.02,1.82688723371,-79.4501700687,-87.3827664697,3.55698623683,3.99978113223e-16,-0.0103574552298,0.0,0.00661047867725,0.0103574552298
68,-38.2004188532,-82.9240701875,0.993004049455,58,18.705854886,132999361.57,1.63596928888,-79.9455223481,-87.953150147,3.52339129077,-5.60024980696e-17,-0.0122269169182,0.0,0.00742477997082,0.0122269169182
69,-38.1343047683,-82.6366877697,0.990349149627,58,18.6324068224,123580932.396,2.0985476567,-78.5754311476,-88.0013994141,3.48731919357,2.2273282822e-16,-0.0133141109139,0.0,0.00938340494927,0.0133141109139
70,-38.0342037687,-82.1694233438,0.992669901805,58,18.6036331838,120075729.848,1.56318355727,-79.0619792638,-85.4603904574,3.4749475751,9.39991045522e-17,-0.0118829433254,0.0,0.00980696475612,0.0118829433254
71,-37.8885238956,-81.8166149402,0.991723505528,58,18.555584848,114442703.314,1.83855417741,-77.0500114671,-86.0073467528,3.45281995802,5.1508049834e-17,-0.01399167246,0.0,0.00943454635836,0.01399167246
72,-37.8884760674,-82.0479262097,0.990813841523,58,18.5100382638,109347152.427,2.07990374848,-78.0225350074,-88.5587071577,3.43248735355,-1.61148910762e-17,-0.0136411868164,0.0,0.00875972536704,0.0136411868164
73,-37.7303762422,-81.4351746969,0.991842384512,58,18.4402900847,101980286.68,1.86158694989,-77.1575149587,-86.0474810164,3.39963315393,3.28396137992e-17,-0.011650989468,0.0,0.00682567992188,0.011650989468
74,-37.6402439942,-81.1657952771,0.99192340455,59,18.3898862335,96967481.0683,1.77516426016,-77.5710728354,-86.4277017815,3.37552605665,2.29905172243e-17,-0.0131961833271,0.0,0.00893843995353,0.0131961833271
75,-37.4974929296,-80.5848003808,0.992750189313,59,18.328580176,91201342.5649,1.64412298056,-77.3702167528,-84.357793698,3.34541080599,-1.10753363723e-16,-0.0106982046574,0.0,0.00646550334128,0.0106982046574
76,-37.5185621396,-80.7311240313,0.991383814278,59,18.2484225718,84176182.5643,1.8510740262,-75.4459160903,-85.260899305,3.30898588932,2.47956019973e-16,-0.0140961548895,0.0,0.00656246227831,0.0140961548895
77,-37.2051971506,-79.4668888379,0.993911775415,59,18.1662496695,77535749.316,1.57528934299,-75.6814473849,-83.6486444,3.27320135976,1.23380846441e-16,-0.0119500593706,0.0,0.00684558767636,0.0119500593706
78,-37.2530893185,-79.8400656649,0.994733349018,59,18.111906385,73434645.0011,1.47121086723,-76.9447600499,-83.037327162,3.24973692635,-8.42633067291e-17,-0.0112351616749,0.0,0.00668683998486,0.0112351616749
79,-37.2226594389,-79.9011054434,0.992004660197,59,18.0179389554,66848468.7446,1.9111624749,-75.3350583816,-83.6342071546,3.20618579054,2.88207747589e-17,-0.00974714528266,0.0,0.00644438033855,0.00974714528266
80,-37.0106360288,-79.6033529627,0.992633587689,59,17.9314169435,61307757.5506,1.8148526435,-76.321398776,-84.4145793067,3.16817345303,7.55013164946e-17,-0.0126016181547,0.0,0.00996309226744,0.0126016181547
81,-36.8297908263,-79.031719204,0.99207393561,59,17.8432846861,56135820.9393,1.71211776717,-75.1877872576,-83.3686287063,3.1299715555,-3.16107456571e-17,-0.0114731422602,0.0,0.00654524509669,0.0114731422602
82,-36.8669720147,-79.0389625949,0.993147964771,59,17.762404822,51774319.5117,1.69343130655,-75.9069070511,-83.0597646676,3.09463750957,-1.0153255736e-16,-0.0142862560338,0.0,0.00990537379485,0.0142862560338
83,-36.7247745335,-78.4776019981,0.992921707662,59,17.6959184923,48443973.0018,1.62695309825,-75.632770533,-83.2084007869,3.06762359859,-2.09367739567e-16,-0.0110894782155,0.0,0.00647714760998,0.0110894782155
84,-36.5809571325,-77.8798532745,0.99432041959,60,17.6225887023,45018708.3444,1.45601562718,-74.8887496689,-82.8210229887,3.03542774057,1.87199824588e-16,-0.0116412496772,0.0,0.00688331877247,0.0116412496772
85,-36.4717673231,-78.0298284057,0.993324669394,59,17.5422613687,41543904.6226,1.60781405339,-74.2432437786,-81.7562155835,2.99818859868,-6.7406792577e-18,-0.00844037703481,0.0,0.00671357411936,0.00844037703481
86,-36.2930867582,-77.3434666573,0.995263220439,60,17.4765083843,38900139.0948,1.32061039568,-74.8410269898,-80.5124342814,2.97124650787,8.38599465759e-17,-0.0149357297528,0.0,0.00983890969286,0.0149357297528
87,-36.3561877945,-77.6933500326,0.994035492245,59,17.3968785712,35922649.9087,1.50368569402,-74.2987299964,-81.4389819261,2.93685605662,-2.78053068879e-17,-0.0123085171171,0.0,0.00887635496745,0.0123085171171
88,-36.351079872,-77.7556469165,0.992802350164,59,17.3378584337,33863843.2944,1.45687415945,-74.3227249687,-82.5267889693,2.91332335036,-7.8809705166e-17,-0.0103174517113,0.0,0.00657301107115,0.0103174517113
89,-36.1263136209,-77.2679112547,0.994300974113,59,17.2777107316,31887056.453,1.22781542624,-74.8137131731,-79.8514186262,2.8885709047,-3.05689879692e-16,-0.0123713007246,0.0,0.00971349730481,0.0123713007246
90,-36.0499909273,-77.0072461245,0.994725446568,59,17.1767006326,28823472.5586,1.39816054393,-74.2719771912,-80.6057060832,2.84728107075,-1.30844946637e-16,-0.00937397672215,0.0,0.00647699095194,0.00937397672215
91,-35.9310426007,-76.7834905321,0.993549665104,60,17.093841119,26531443.083,1.70459703235,-73.4236938357,-82.6191364256,2.81179663834,1.79576938345e-16,-0.0107994682575,0.0,0.00719232151156,0.0107994682575
92,-35.8648857398,-76.6082944181,0.99420589289,59,17.0483771101,25352226.3872,1.53371702903,-73.6720187208,-80.0375916285,2.79336783387,-1.60402536941e-16,-0.0133830588922,0.0,0.00981055589907,0.0133830588922
93,-35.7746317222,-76.6769648848,0.99404760981,59,16.9283547888,22484905.8023,1.49616016491,-73.630564747,-79.6586820919,2.7449871863,1.31001900305e-16,-0.00990855469147,0.0,0.00649304321819,0.00990855469147
94,-35.6383214195,-76.3040533427,0.992853155741,59,16.8414810272,20614000.2602,1.7133150528,-71.8887220434,-82.1137838643,2.71246903729,6.58505040804e-16,-0.011522457778,0.0,0.0066293939976,0.011522457778
95,-35.5747226818,-75.8471164574,0.994512194455,60,16.7583623561,18969867.4797,1.48877924998,-72.2305704033,-79.545435919,2.68044771548,-1.72587228848e-16,-0.0101703154828,0.0,0.00678773766507,0.0101703154828
96,-35.3830382949,-75.5564721165,0.993587077528,59,16.6751030815,17454413.2248,1.33478818071,-73.0401382014,-78.4367442129,2.64768352725,-1.76076077017e-16,-0.0092352131255,0.0,0.00697126343607,0.0092352131255
97,-35.3120914075,-75.4340046382,0.994262324208,59,16.5896291289,16024496.3121,1.44633092222,-72.6237014079,-79.0872359111,2.61586205743,-3.19824087294e-16,-0.0107713212582,0.0,0.00654236132391,0.0107713212582
98,-35.2183021303,-75.1761079513,0.991089072455,59,16.5182212428,14920120.7048,1.93070956074,-71.8636632675,-80.5575185353,2.59100393532,-3.25576166031e-16,-0.0110769767797,0.0,0.00646114093362,0.0110769767797
99,-35.1153992269,-74.8066222337,0.993974105106,60,16.4090891514,13377558.8911,1.30847483243,-72.5638838832,-77.7449719128,2.55176405423,-1.93135508243e-16,-0.0100225945466,0.0,0.00709399722969,0.0100225945466
100,-35.1441194181,-74.8805464918,0.99401795271,59,16.3542750259,12664014.5052,1.44564363315,-71.7465990808,-78.9307024732,2.5312734578,-1.10397517545e-16,-0.0130903675936,0.0,0.00964334092991,0.0130903675936
101,-34.9379522454,-74.2359602205,0.995387680217,60,16.2976417769,11966741.0054,1.30271529059,-71.8989866632,-77.548438211,2.51090806586,-9.45518405466e-17,-0.0113085465206,0.0,0.0066443995434,0.0113085465206
102,-34.9174698263,-74.5130331433,0.992710423936,59,16.2053582899,10911832.2926,1.52053214773,-70.8605535756,-77.4241495119,2.47815700677,-1.55657279438e-16,-0.00915925242243,0.0,0.00648767016048,0.00915925242243
103,-34.7289201009,-73.739235112,0.994486330691,60,16.0964722586,9786087.1715,1.32361242642,-70.9975510144,-77.0476527836,2.44035327316,-1.09826390715e-16,-0.0128514512057,0.0,0.0097616479585,0.0128514512057
104,-34.7988040137,-73.6850481781,0.993582155365,60,16.0045256492,8926417.07697,1.46303618256,-70.774584592,-76.7984205441,2.40654852606,-1.19918355468e-16,-0.0124400889417,0.0,0.00660177783794,0.0124400889417
105,-34.4949928205,-73.1047409058,0.994444328222,60,15.8934206141,7987757.49252,1.33055159432,-70.4920509186,-76.483909371,2.36879249195,4.1163238205e-16,-0.010181374635,0.0,0.00664356275875,0.010181374635
106,-34.3017983703,-72.4041823687,0.99551069883,60,15.800377842,7278081.40388,1.13852817297,-69.7796846531,-74.988041447,2.33680693409,-1.1671973292e-16,-0.0117053627296,0.0,0.0064678815833,0.0117053627296
107,-34.3045483427,-72.6133842258,0.995353449926,60,15.7048248876,6614831.53149,1.17404145717,-69.2505423437,-74.6664710587,2.30522560784,-3.97059694879e-19,-0.0113670239422,0.0,0.0067057860993,0.0113670239422
108,-34.2380241867,-72.4964777206,0.993409097782,60,15.6168821137,6057950.58578,1.55964374192,-68.5944036417,-76.1434143041,2.27766499018,1.0203688275e-16,-0.0103990779173,0.0,0.00673668726486,0.0103990779173
109,-33.9386379023,-71.9417022063,0.993614516093,60,15.511813707,5453748.38342,1.30447722724,-69.4621069984,-75.6030873453,2.242987126,2.10051556799e-16,-0.0125559691635,0.0,0.00911192584632,0.0125559691635
110,-33.7968160954,-71.5059174005,0.994518809546,60,15.4138991795,4945057.64143,1.1693830739,-68.8695230666,-74.5225427211,2.21253862437,7.41325390052e-18,-0.0103809420184,0.0,0.00688199618355,0.0103809420184
111,-33.7181589572,-71.2664418304,0.994992859882,60,15.3178120146,4492015.36139,1.28172650676,-68.0620970357,-74.8806601375,2.18125406389,2.19542460496e-16,-0.0119195511376,0.0,0.00667340328675,0.0119195511376
112,-33.6974107205,-70.9661164325,0.994825587253,60,15.2347372693,4133922.48874,1.3304310966,-67.620771151,-74.6125635982,2.15562630142,-7.17099223198e-16,-0.0106644498586,0.0,0.0064529298347,0.0106644498586
113,-33.3264267973,-70.2939046341,0.994197601114,60,15.1422817488,3768854.80788,1.29827346665,-66.6860716343,-73.6957988955,2.12674927846,2.36182359264e-17,-0.0109790538991,0.0,0.00662869398287,0.0109790538991
114,-33.1818952259,-70.3854766424,0.995187689429,60,15.0598202024,3470538.06682,1.22188361592,-67.686198716,-73.4199089656,2.10178401691,-6.95402330588e-18,-0.00912362518401,0.0,0.00654250897128,0.00912362518401
115,-33.2126895003,-70.1819910853,0.99422811501,60,14.9869720234,3226704.91195,1.27165959649,-66.5407810691,-72.7559264352,2.07961349979,1.50473710358e-16,-0.010384170861,0.0,0.00642658818107,0.010384170861
116,-33.0060824166,-69.7090205862,0.994133191189,60,14.8956637739,2945130.75732,1.39573749688,-66.1539245125,-73.6810055434,2.05341877107,-3.26624436736e-16,-0.0114991281636,0.0,0.00661966927774,0.0114991281636
117,-32.589663216,-68.7897773092,0.994121363263,60,14.7752868873,2611112.37883,1.33855923401,-64.9842933368,-71.7970838348,2.01988783106,1.33980993558e-16,-0.00988133284933,0.0,0.00647718617659,0.00988133284933
118,-32.4890114992,-68.6781873197,0.99351848213,60,14.6877023959,2392148.31313,1.41766023896,-65.3941277703,-72.6897336456,1.99377256716,-5.36955256987e-16,-0.0107191692777,0.0,0.00657541072359,0.0107191692777
119,-32.374956158,-68.5018734286,0.994197119414,60,14.5835996078,2155642.98911,1.29431884904,-65.1139396497,-72.5431469728,1.96696925626,-3.18745349115e-17,-0.0136090077738,0.0,0.00984471180444,0.0136090077738
120,-32.2653095826,-68.1337070895,0.994596335763,60,14.4544902816,1894546.9315,1.24947870423,-64.1306002725,-70.4148780708,1.92993073262,5.80953767138e-17,-0.0103363513747,0.0,0.00697756327913,0.0103363513747
121,-31.8895288746,-67.3102884875,0.994848870823,60,14.3652947163,1732878.94994,1.20848722925,-64.5480004311,-70.1790226437,1.90574110956,2.60438803604e-16,-0.011083282599,0.0,0.00666779231447,0.011083282599
122,-31.6766399803,-66.8409851397,0.993528065185,60,14.2766791054,1585926.13246,1.24266127426,-63.8731331212,-69.9778236557,1.8844562985,-2.57060140138e-17,-0.00991466110035,0.0,0.00646677582559,0.00991466110035
123,-31.6442184275,-66.8290038263,0.995065654389,60,14.1608728432,1412501.55546,1.12786777483,-64.0145502902,-68.624593416,1.8553593697,7.03741887361e-17,-0.011192721674,0.0,0.0064272175092,0.011192721674
124,-31.3552414114,-66.0849579606,0.993924727757,60,14.05215525,1266990.86591,1.34305693179,-62.3850489576,-69.2499867923,1.82724819286,1.4571884515e-16,-0.0112310162573,0.0,0.00650529368676,0.0112310162573
125,-31.198892668,-65.7399639968,0.993887975165,60,13.9350885962,1127021.19134,1.22502336389,-62.3445620141,-68.0408997648,1.7973138466,1.25912300381e-16,-0.0118359130932,0.0,0.00669634784679,0.0118359130932
126,-31.0586585184,-65.3972020567,0.994134965134,60,13.8086115717,993124.757098,1.11783704094,-62.8495647657,-67.8197022238,1.76628929683,-5.70190942189e-18,-0.0112329054469,0.0,0.00653460544953,0.0112329054469
127,-30.8899572129,-65.0612186831,0.994151344287,60,13.7093645385,899293.324148,1.20054717362,-62.2913719236,-68.4834549156,1.74356223395,7.07228637179e-17,-0.0109365156163,0.0,0.00668713804752,0.0109365156163
128,-30.6106843634,-64.4539280034,0.993601695258,60,13.59322723,800688.474791,1.22164896472,-61.5379802316,-67.1753920785,1.71689161802,2.96863982672e-17,-0.0108156725902,0.0,0.00680232509897,0.0108156725902
129,-30.4306613149,-63.9392080066,0.992982374696,60,13.4987706783,728520.233438,1.27461113735,-60.9447552241,-66.3081355265,1.69631651855,1.30314157913e-16,-0.0113986029977,0.0,0.0066110027574,0.0113986029977
130,-30.1308160834,-63.3796638913,0.993608866276,60,13.3965573345,657734.961116,1.32896386837,-60.7474034011,-66.9165237741,1.67203428813,2.53604328713e-16,-0.0121273737748,0.0,0.00667938449288,0.0121273737748
131,-30.0228579539,-63.1616409082,0.993782736373,60,13.284832059,588205.737248,1.27782029619,-60.4105758356,-66.1199001709,1.65033771198,1.30264694557e-16,-0.0109193302769,0.0,0.0066839610806,0.0109193302769
132,-29.7852944305,-62.640010899,0.995264536358,60,13.1741146369,526556.87895,1.08229869869,-60.6136660784,-65.1270066986,1.62712195685,-4.21822713347e-16,-0.011888291819,0.0,0.00650573273412,0.011888291819
133,-29.4129854109,-61.9921827401,0.991601014603,60,13.0640249775,471665.335201,1.4607511986,-59.0251089965,-65.1219301431,1.60421929822,1.02644924596e-16,-0.0115320896843,0.0,0.00648314453903,0.0115320896843
134,-29.2603112088,-61.5769040586,0.993467223753,60,12.9405694549,416886.572317,1.18935895952,-58.9006505796,-63.9766189045,1.57957596606,2.86044916679e-16,-0.0146232426126,0.0,0.00999969657901,0.0146232426126
135,-28.7741606776,-60.7171149704,0.992988251614,60,12.8163679937,368195.009424,1.22406086167,-56.7448801347,-63.0814208453,1.55433470966,-2.01421608441e-16,-0.0114400054636,0.0,0.00665647449524,0.0114400054636
136,-28.5037651277,-59.9664931295,0.992330982289,60,12.6973223986,326871.497485,1.38516960931,-57.4545049183,-62.929117295,1.53066556844,-3.47421239118e-17,-0.0125965219587,0.0,0.00647531585544,0.0125965219587
137,-28.1345263587,-59.285276732,0.992589108266,60,12.5683767349,287327.14825,1.33621098211,-56.0128818552,-61.7348964898,1.50544720357,-1.14994862268e-16,-0.0113476107032,0.0,0.00658844334616,0.0113476107032
138,-28.114565577,-59.2361668281,0.991435443953,60,12.4304262555,250302.697775,1.28163241405,-54.8118762871,-61.809836373,1.47873262499,-1.26291719408e-17,-0.0121014034866,0.0,0.00653600672889,0.0121014034866
139,-27.74021609,-58.5478777087,0.990269540046,60,12.3137367555,222734.722141,1.58422065994,-54.9832659274,-62.664725303,1.45752447261,-1.17558523379e-16,-0.0122930443435,0.0,0.00646621617731,0.0122930443435
140,-27.362255325,-57.7279445433,0.993812248106,60,12.2026920286,199325.018191,1.14604492484,-54.8613677961,-60.5176365218,1.43844789402,1.05704750742e-15,-0.0102535492578,0.0,0.00649067329065,0.0102535492578
141,-27.0816251635,-57.2425420059,0.991786224134,60,12.1197642647,183462.261269,1.30236461164,-54.9711938112,-61.1092381238,1.42586729267,-1.05231412603e-16,-0.0115841177423,0.0,0.00669979779598,0.0115841177423
142,-26.7043324272,-56.4450568167,0.99181421193,60,12.0023172237,163132.367972,1.36651045779,-53.234085443,-61.0870509921,1.40610630361,-9.61478365438e-17,-0.0110073028403,0.0,0.00658391036645,0.0110073028403
143,-26.2557690125,-55.6536869069,0.992798871985,60,11.8676031659,142572.107164,1.07748926103,-53.162290251,-58.1305156694,1.38304335649,-3.50531089797e-16,-0.0125245527001,0.0,0.00655530609923,0.0125245527001
144,-25.9595112834,-55.0927951293,0.990323638152,59,11.7169213493,122629.310646,1.25352581593,-51.8509525116,-58.6000387263,1.3571675033,4.93675106896e-16,-0.0117407415945,0.0,0.00668438285601,0.0117407415945
145,-25.5001725686,-54.0791416201,0.989898746874,60,11.6101389995,110209.5684,1.24042864225,-51.7098042538,-57.261873138,1.34232094073,-3.6285871184e-17,-0.0108277359586,0.0,0.00655530288339,0.0108277359586
146,-25.1146948034,-53.2014480012,0.990319752493,60,11.4910198951,97833.2614789,1.41041718679,-49.9200117714,-56.6476198066,1.32477286843,2.27530695666e-17,-0.0130759624263,0.0,0.00650767713823,0.0130759624263
147,-24.8839937956,-52.9466040193,0.991163975059,59,11.3698008847,86664.6095205,1.2637132915,-49.6233878289,-55.349846018,1.30692894486,2.11691971754e-16,-0.0118609606018,0.0,0.00655030201534,0.0118609606018
148,-24.2829331763,-52.0069323089,0.99064289706,59,11.2454663173,76532.1595129,1.03820871414,-49.8255470072,-54.2781596836,1.28894902131,2.61647241156e-16,-0.0118644381367,0.0,0.00663208789195,0.0118644381367
149,-23.7331646109,-50.698335609,0.990077371643,59,11.126178324,67926.2830946,1.140207382,-47.6075308927,-53.0188884732,1.27244783358,3.70258659871e-17,-0.0130194545901,0.0,0.00658300844954,0.0130194545901
150,-23.5740437012,-50.310149667,0.990103734495,59,10.9757120583,58437.4399411,1.18874056365,-47.5068088434,-53.0915767427,1.24994997556,-6.26912237003e-17,-0.0124662725496,0.0,0.00661787860419,0.0124662725496
151,-23.14090415,-49.3040404692,0.9911426639,59,10.8347356753,50753.4906238,1.14557734621,-46.287600481,-52.2334574466,1.22990945722,-1.34774112118e-16,-0.0137693040958,0.0,0.00657902545724,0.0137693040958
152,-22.633724878,-48.4660774384,0.987706639597,59,10.6898470555,43907.7910277,1.30095212421,-45.2163679773,-51.4669411944,1.20912589163,1.84266182559e-16,-0.0141735006944,0.0,0.00657919734193,0.0141735006944
153,-22.2534025858,-47.5131491109,0.987135665552,59,10.5842749847,39508.6527832,1.34050841439,-45.0030293253,-50.4666349092,1.19855106813,-1.71728318035e-17,-0.013165580183,0.0,0.00656468222676,0.013165580183
154,-21.8438905412,-46.6976627614,0.988651070599,59,10.4395526896,34185.3575504,1.34264519978,-43.6394155837,-51.4824404926,1.18037850082,2.78244206787e-17,-0.0137211151266,0.0,0.00656663078865,0.0137211151266
155,-21.393963862,-45.7767098205,0.987406511222,59,10.304502714,29866.7981903,1.26396037938,-42.9044256725,-48.5562573087,1.16587577098,-7.37123402348e-17,-0.0141294606353,0.0,0.00654683587327,0.0141294606353
156,-20.8960231441,-44.909251998,0.989077747813,59,10.1747548708,26232.5128992,0.926039817783,-42.91311261,-47.1847213861,1.15298895778,8.68502189858e-17,-0.012701179851,0.0,0.00659156686045,0.012701179851
157,-20.3052715522,-43.5961618348,0.986299521148,59,10.0261158622,22609.2832042,1.36329415174,-40.5382624609,-46.5241178605,1.13682741696,5.18572248901e-17,-0.0142184493421,0.0,0.00656974540967,0.0142184493421
158,-19.8847291096,-42.8069639521,0.984518578936,59,9.8734944459,19409.0444642,1.34834634585,-39.1143323472,-45.4701553642,1.11985596751,1.50148622284e-18,-0.0145957295683,0.0,0.00658145665773,0.0145957295683
159,-19.3040595521,-41.8093576359,0.98504649003,59,9.73377151023,16878.0883146,1.18240856927,-39.6752580171,-45.0990142642,1.1049742798,-1.39242383675e-17,-0.0150889089272,0.0,0.00659360780215,0.0150889089272
160,-18.6677791345,-40.466263515,0.982028699675,58,9.58969157047,14613.3616469,1.19042838249,-37.4083249625,-43.066602777,1.0910424767,5.73342837182e-16,-0.0144249728367,0.0,0.00659507616905,0.0144249728367
161,-18.2266010707,-39.5253586385,0.984703686445,58,9.43486316638,12517.2524335,1.05059437418,-37.325350701,-42.6285879982,1.07287501397,4.12790133657e-17,-0.0146296197187,0.0,0.00660213507226,0.0146296197187
162,-17.6768082554,-38.4297547318,0.987209760538,58,9.27888078884,10709.4390827,0.886075249353,-36.5906617898,-40.4240497481,1.05816048145,1.3546910166e-16,-0.013190193228,0.0,0.00659758682167,0.013190193228
163,-17.3896053972,-37.8569220221,0.983477000469,58,9.12243396209,9158.46586901,1.05072835229,-35.3741902814,-40.9357305665,1.0406717002,8.66701647972e-17,-0.0161251800675,0.0,0.00658573016769,0.0161251800675
164,-16.744028781,-36.4190643574,0.983473829595,58,8.96745061377,7843.57978037,1.01051536415,-34.0404443321,-38.8364653945,1.02580912872,3.16380453976e-16,-0.0135635049991,0.0,0.00658018282719,0.0135635049991
165,-16.0728099443,-35.2505528474,0.98094734032,58,8.81314716617,6722.04139345,1.02323662323,-33.5234131988,-38.1194760337,1.01181263825,-3.45655141959e-17,-0.0153687322943,0.0,0.00656333353241,0.0153687322943
166,-15.7278599977,-34.4865516498,0.986357089622,58,8.67734028933,5868.41752345,0.754111481098,-32.7761581027,-36.5583163958,1.0001050053,-7.5686537979e-17,-0.0154743516193,0.0,0.00656632004165,0.0154743516193
167,-15.1650433946,-33.4188310426,0.981922499683,58,8.52090721596,5018.60465037,1.08000704983,-30.6493973061,-36.5210011924,0.98738104741,-2.74748766874e-16,-0.0156468396119,0.0,0.00659509566742,0.0156468396119
168,-14.7083724141,-32.4897849601,0.981826521225,57,8.36885733025,4310.7075323,0.937684213976,-30.8917840546,-35.2527181519,0.972732655342,-2.04641528822e-16,-0.0137563707133,0.0,0.0065949337315,0.0137563707133
169,-14.1740307917,-31.3968727718,0.974656156513,57,8.22950498591,3749.97700111,1.05088092211,-29.0914791771,-34.0385966269,0.961347382609,-2.69074271496e-16,-0.0146986030627,0.0,0.00657865300566,0.0146986030627
170,-13.7149431157,-30.5061156354,0.981815359063,57,8.06505538477,3181.33240967,0.907901989544,-28.7768792029,-32.9417193007,0.945942087002,-1.25159927349e-16,-0.0156779781291,0.0,0.00656299803477,0.0156779781291
171,-13.2195538861,-29.6264155967,0.977509471135,57,7.89885742456,2694.20223966,0.911414222632,-27.1609054204,-31.499934319,0.932031276086,2.10104824459e-16,-0.0162773917152,0.0,0.00658695264011,0.0162773917152
172,-12.7722476795,-28.5518753783,0.977728222121,57,7.74526976681,2310.61676754,0.931960295284,-26.2710357857,-30.8445773135,0.919295849606,1.60937081915e-16,-0.0144292506025,0.0,0.0065844420091,0.0144292506025
173,-12.2700650053,-27.5993626321,0.974629668345,57,7.57798337546,1954.68312612,0.86283180988,-25.7511907561,-29.7451099585,0.905363980594,-1.57441820315e-16,-0.0153645118307,0.0,0.006591969699,0.0153645118307
174,-11.6684466659,-26.4629665641,0.975229868947,57,7.43450449509,1693.41841394,0.770119690477,-24.915402617,-28.4492910187,0.895276795512,-1.38868126772e-16,-0.014876385585,0.0,0.00657979787595,0.014876385585
175,-11.2518854088,-25.5110716829,0.974452571691,57,7.27411644503,1442.47612198,0.790168421371,-24.0688805122,-27.2950962086,0.881596998942,-1.657935973e-16,-0.0150366458299,0.0,0.00658498238139,0.0150366458299
176,-10.8857907247,-24.7817745067,0.972402444409,56,7.11385974192,1228.88156987,0.856945562658,-22.8692813273,-26.368663691,0.869185855081,1.69328420749e-16,-0.0155135221997,0.0,0.00661156732912,0.0155135221997
177,-10.3764787417,-23.8673944929,0.967680464945,56,6.9640682557,1057.92873899,0.845794334426,-22.083972978,-25.3065543587,0.859126845539,-1.46997245429e-16,-0.0150161961781,0.0,0.00658966513546,0.0150161961781
178,-9.95074582259,-23.0695446478,0.969471864326,56,6.81016683988,907.022121786,0.756116685178,-20.9118587097,-24.6334110219,0.848877563612,-5.26370368747e-17,-0.0162127524684,0.0,0.00656602715985,0.0162127524684
179,-9.37034634923,-21.9005523469,0.959906235547,56,6.66405635234,783.723557026,0.809374067606,-20.2674875968,-23.4048695549,0.841136938133,-1.61023904493e-16,-0.0158414901207,0.0,0.00660388852659,0.0158414901207
180,-9.01805759057,-21.2103014617,0.969739738392,56,6.51346784443,674.160251442,0.689526218284,-19.9539061178,-22.9891439,0.832476505102,-3.27370636322e-17,-0.016732108752,0.0,0.00659663511714,0.016732108752
181,-8.6996069854,-20.4903772655,0.965156694561,56,6.3563833385,576.158812302,0.734358198175,-18.5159819835,-22.2119598523,0.820801710494,3.38282720255e-16,-0.0162922294039,0.0,0.00658519703286,0.0162922294039
182,-8.19353924675,-19.5615065286,0.963246585633,55,6.21052671364,497.963466374,0.60481229736,-18.3233913689,-20.9205036027,0.814543152242,-2.78296089692e-16,-0.0156641291679,0.0,0.00655431558609,0.0156641291679
183,-7.92208650621,-18.8776191956,0.96312462288,55,6.0512698221,424.651920218,0.631644227495,-17.3592017185,-20.2125055025,0.802142191936,-3.68177751972e-17,-0.0163100153814,0.0,0.00658669384434,0.0163100153814
184,-7.47333580744,-18.1001806974,0.959981393412,55,5.91691355066,371.264055991,0.61778126343,-16.9291943133,-19.3221302141,0.79572632877,1.06451831178e-17,-0.016297336406,0.0,0.00657863203463,0.016297336406
185,-7.10439288444,-17.4510863751,0.959441358656,55,5.76268445703,318.20138135,0.611915889943,-16.3076299128,-18.662313096,0.786364443258,-1.26611501257e-16,-0.0157810572969,0.0,0.00658542962219,0.0157810572969
186,-6.75411697398,-16.892943875,0.950402518621,55,5.60084117559,270.65397922,0.563835303253,-15.6789441829,-18.0523947146,0.777896846425,1.55998231766e-16,-0.0155887940241,0.0,0.00657599211559,0.0155887940241
187,-6.41948338035,-16.1829570266,0.961573538535,54,5.44155413268,230.800599629,0.437077266222,-15.3689933554,-17.0703244063,0.768619108734,-1.06576088212e-16,-0.0163463418837,0.0,0.00660997655982,0.0163463418837
188,-6.15274210244,-15.5921720537,0.958069969782,54,5.26919401971,194.259330141,0.493120621673,-14.5811838089,-16.7545805596,0.755938716851,1.05527459824e-16,-0.0162267943517,0.0,0.00659028108578,0.0162267943517
189,-5.77556296509,-14.8771724925,0.947972225348,54,5.11045629468,165.745966624,0.529488805254,-13.8128665335,-16.4205822251,0.746320156251,2.32080053266e-16,-0.0148959787843,0.0,0.0065890186602,0.0148959787843
190,-5.52242905667,-14.4209019156,0.963409990509,54,4.94774504434,140.856979293,0.352573981967,-13.8573628369,-15.2446665013,0.737777423831,-2.08696524572e-16,-0.0148342017998,0.0,0.00659989831237,0.0148342017998
191,-5.27965150126,-13.9443919654,0.950939503965,54,4.79238325571,120.588419509,0.409757722399,-13.2869092265,-14.793959247,0.729223472907,-3.99794970043e-16,-0.0147218537106,0.0,0.00659114220137,0.0147218537106
192,-5.04197280601,-13.5715918385,0.955630958099,53,4.6517712917,104.770400257,0.424837619785,-12.6421141634,-14.7963417894,0.725307539017,4.34545555554e-17,-0.0161745680882,0.0,0.00656865744139,0.0161745680882
193,-4.78805001446,-13.0510864975,0.951420184797,53,4.49531029829,89.5959661476,0.457035791107,-12.0441023557,-13.8958255604,0.716931010258,2.48180418957e-17,-0.0151571571036,0.0,0.00660756459105,0.0151571571036
194,-4.52512075341,-12.6579314736,0.958628109238,52,4.36901971523,78.9661843976,0.363041996064,-11.6050468642,-13.3427522567,0.714660629638,7.78764653794e-16,-0.0144175618975,0.0,0.0065666126009,0.0144175618975
195,-4.37054941436,-12.3570669065,0.952426178862,52,4.22931300281,68.6700398411,0.363907501415,-11.5070698579,-13.21846548,0.707298632171,2.14441092399e-17,-0.0153048072778,0.0,0.00657448230055,0.0153048072778
196,-4.14427962266,-11.8413065022,0.95286080154,52,4.08570143856,59.483647245,0.355220344302,-10.9817308123,-12.8136765506,0.699639229703,-4.30418097743e-16,-0.0140072033809,0.0,0.00656350067604,0.0140072033809
197,-3.97744435025,-11.5507712734,0.958568902612,52,3.92331899442,50.5680014791,0.33783842208,-10.5536759425,-12.2007217679,0.6898075127,1.33582807952e-16,-0.0142172313444,0.0,0.00660619013531,0.0142172313444
198,-3.81541209621,-11.2433244832,0.946970816419,52,3.79500956377,44.478661787,0.358902640599,-10.4748898974,-12.3443251477,0.686289289018,2.87332885026e-17,-0.0148801068701,0.0,0.0065983520618,0.0148801068701
199,-3.61100082295,-10.8831118843,0.958622593124,52,3.6555183305,38.687568866,0.268213534788,-10.2516874228,-11.5838662784,0.681089580878,-9.21060994995e-17,-0.0138916051326,0.0,0.00656470306577,0.0138916051326
200,-3.52814355093,-10.7374745407,0.959158064076,51,3.50926478701,33.4236852209,0.292344038098,-10.1960511548,-11.2696096309,0.672848931645,-2.45218895102e-17,-0.0147473819629,0.0,0.00657606685493,0.0147473819629
201,-3.36255015493,-10.364293838,0.957586971384,51,3.36129164477,28.8264003125,0.286534865345,-9.86079261574,-11.1597032046,0.664902080944,-8.90517822157e-18,-0.0145581708249,0.0,0.00659015622499,0.0145581708249
202,-3.27167069868,-10.160060826,0.966766358768,51,3.21951130978,25.0158921719,0.234966255455,-9.76487671602,-10.6689834318,0.658667011771,1.63597900206e-16,-0.0133748109794,0.0,0.00656812749558,0.0133748109794
203,-3.11730458786,-9.88818708042,0.966188699389,51,3.08475486425,21.8621070011,0.225266704232,-9.34722273208,-10.3851449347,0.656020367142,-6.70914366139e-17,-0.0132279274642,0.0,0.00658176018645,0.0132279274642
204,-2.98382665752,-9.66079730599,0.964927142288,51,2.95468556774,19.1956860278,0.261228535084,-9.1603782191,-10.2100056661,0.649201914164,2.04491843884e-17,-0.0141420315915,0.0,0.00658527603898,0.0141420315915
205,-2.88746891398,-9.48614553483,0.966574722257,50,2.83097522471,16.9619945174,0.257970397729,-8.95530167275,-10.0096161956,0.643967414155,-7.34837754257e-17,-0.0125058039062,0.0,0.00657536843396,0.0125058039062
206,-2.82245958273,-9.40281785164,0.973570016009,50,2.72595976398,15.2710635123,0.22581524195,-8.84755077695,-10.1463912706,0.641926783578,8.2521738926e-18,-0.012889414702,0.0,0.00651781701745,0.012889414702
207,-2.70359555963,-9.20431227571,0.977675004166,49,2.61697559314,13.6942439258,0.179922218113,-8.78400130821,-9.70147208243,0.637036135522,5.58144908555e-17,-0.012816725422,0.0,0.0065259153385,0.012816725422
208,-2.60592384469,-9.07284849743,0.971983121931,49,2.49802830187,12.1584974249,0.240444445233,-8.48288216968,-9.58057255267,0.633715176619,-4.04450055268e-17,-0.0136621020602,0.0,0.00656902167109,0.0136621020602
209,-2.51750417334,-8.94267389473,0.972105422186,48,2.38351812199,10.8429827759,0.208339030987,-8.50774518683,-9.42735113964,0.630701417852,2.10337159268e-17,-0.0107331823335,0.0,0.00648222867939,0.0107331823335
210,-2.48274043496,-8.83751516474,0.975694802561,48,2.30685473086,10.0427876576,0.241404963899,-8.24895238445,-9.44083475738,0.626707610094,3.45216684113e-17,-0.0120681631199,0.0,0.00651918553565,0.0120681631199
211,-2.4317065983,-8.74668579755,0.978219045283,48,2.20379052223,9.0592879317,0.21274047097,-8.24819655409,-9.17381698722,0.621791154661,1.45510733996e-16,-0.0123497945587,0.0,0.0064865923818,0.0123497945587
212,-2.34572385166,-8.58245436235,0.974856813119,48,2.09146329446,8.0967544359,0.232301945277,-8.19393316913,-9.00541544782,0.619771400817,-1.62890789626e-16,-0.0100973965694,0.0,0.00662387405429,0.0100973965694
213,-2.29928974121,-8.51985980069,0.976248667702,47,1.99832952469,7.37672316698,0.201085256204,-8.20206006336,-9.04567717256,0.617601801537,8.01491431082e-17,-0.0113081002276,0.0,0.00650291115801,0.0113081002276
214,-2.22315724127,-8.47735270452,0.983932025303,46,1.91597219682,6.79354024575,0.17752493556,-8.09638831974,-8.83160299312,0.615921504248,-8.57627915732e-17,-0.00920886210604,0.0,0.00654384038354,0.00920886210604
215,-2.170469887,-8.47292126377,0.983281481889,46,1.83283331413,6.25157426312,0.137503345335,-8.08183624882,-8.75614897868,0.612626098398,9.10426503887e-17,-0.0129658340635,0.0,0.00657694269492,0.0129658340635
216,-2.09957230633,-8.37977165763,0.982755727816,45,1.71862097232,5.5768325526,0.186631445141,-8.02526322465,-8.7498591727,0.607867660146,5.29743779011e-16,-0.0106133549484,0.0,0.00653081498414,0.0106133549484
217,-2.05899501456,-8.35352310948,0.987706975618,45,1.62761207673,5.09170159733,0.152759419898,-8.08284069191,-8.71311617352,0.604394500818,9.23280499051e-18,-0.0102665214043,0.0,0.00660886886615,0.0102665214043
218,-2.00508046622,-8.32182737936,0.983193113427,44,1.54368185466,4.68179626999,0.203553344131,-7.97806641163,-8.86017784216,0.602904665289,2.58333590476e-16,-0.0104322461693,0.0,0.00657367008561,0.0104322461693
219,-1.94237983326,-8.29237426741,0.986144413253,43,1.4400306845,4.22082532891,0.241197743527,-7.81101888199,-8.80593505586,0.601000403808,-1.77425401982e-16,-0.0106042050272,0.0,0.00647540548927,0.0106042050272
220,-1.91346968109,-8.17951461588,0.983860373497,43,1.38250486166,3.98487068652,0.190851940954,-7.76019553865,-8.58125316606,0.600082311115,-1.0505241223e-17,-0.00947007972378,0.0,0.00651832172922,0.00947007972378
221,-1.87912665645,-8.00920313307,0.98735908195,44,1.30276106135,3.67944182008,0.193197075827,-7.61963120574,-8.34581498705,0.598938813677,-7.07468305593e-18,-0.0109969413012,0.0,0.0065495810438,0.0109969413012
222,-1.83950612056,-8.05665807608,0.984640359736,43,1.1932928553,3.29792293046,0.181146507809,-7.52387350682,-8.3442960165,0.594209575475,-4.43258646312e-17,-0.00985516430439,0.0,0.00655006251995,0.00985516430439
223,-1.7728284257,-7.94050531175,0.988914853517,42,1.09861282126,3.00000159778,0.172756674378,-7.51511068828,-8.2573762625,0.594531460447,4.45951033249e-17,-0.0123099523569,0.0,0.00997933807558,0.0123099523569
224,-1.75982906884,-7.97140143235,0.985681340638,42,1.05956759666,2.8851231826,0.16880950056,-7.52575959649,-8.34935936753,0.594116300796,-2.00066986297e-16,-0.00991405518308,0.0,0.00650547059569,0.00991405518308
225,-1.71943612686,-7.87669200118,0.990076689424,42,1.01046299497,2.74687250881,0.156948713381,-7.5601780246,-8.27488063518,0.591826398612,3.57825067318e-17,-0.00969760326331,0.0,0.00642450811941,0.00969760326331
226,-1.70176282237,-7.72883200941,0.992677173176,43,0.940755001488,2.56191493792,0.116918656772,-7.44057078024,-8.01382874863,0.590471009415,-8.95904729871e-17,-0.0117827074231,0.0,0.00652318752313,0.0117827074231
227,-1.66999980449,-7.77588197174,0.989049932391,42,0.869297970109,2.38523575881,0.193569797373,-7.37245305778,-8.14884857375,0.590407920939,-3.03921249736e-17,-0.0069834956396,0.0,0.00649444844653,0.0069834956396
228,-1.64762877203,-7.77800717924,0.989916283746,41,0.801155607815,2.22811426758,0.219005626782,-7.38537757243,-8.52372913034,0.588457762616,-2.08820615121e-16,-0.00932515246216,0.0,0.00648271947059,0.00932515246216
229,-1.60406062733,-7.71937724524,0.988876201642,41,0.733257017457,2.08185019979,0.193087850605,-7.39098504063,-8.24805610846,0.586918958646,-1.774935579e-16,-0.00903519173277,0.0,0.00651412472994,0.00903519173276
230,-1.58432432475,-7.68404040852,0.990884320125,41,0.685028852164,1.98382907247,0.178717772273,-7.34296409184,-8.11550555091,0.585297708521,-1.38108347621e-16,-0.00940915074069,0.0,0.00642620622872,0.00940915074069
231,-1.54797686769,-7.66722759408,0.992421583824,40,0.623615155471,1.86566051787,0.166953813814,-7.2860526647,-7.92607526914,0.582667687387,6.60453911139e-18,-0.00808850221242,0.0,0.00649420042093,0.00808850221242
232,-1.54559542814,-7.53455337475,0.991474659303,41,0.563597013093,1.75698103133,0.16668256684,-7.22845720227,-7.81566703288,0.580564195874,4.92186462998e-16,-0.00829965201315,0.0,0.00641065075043,0.00829965201315
233,-1.5226517564,-7.57860040235,0.992577195653,40,0.518957087862,1.68027435707,0.15965034327,-7.27616760683,-8.05155990363,0.579706702147,3.99003564757e-17,-0.011160310363,0.0,0.00981994738951,0.011160310363
234,-1.49789294517,-7.58206515829,0.99179110096,39,0.477761720655,1.6124612214,0.19162239208,-7.14752013153,-8.02117915589,0.578316033326,7.70345272747e-17,-0.00995530975095,0.0,0.00649046886461,0.00995530975095
235,-1.46814180984,-7.46900962661,0.992543850652,40,0.419036045221,1.52049516039,0.14724182842,-7.21398386291,-7.77668065111,0.576015960819,-5.64528485408e-17,-0.00906472811541,0.0,0.0065280718686,0.00906472811541
236,-1.46968332406,-7.49550212764,0.993230224193,39,0.367234314369,1.44373616762,0.158492533058,-7.11176730342,-7.81768578438,0.575717595743,1.2518099474e-16,-0.00948630257312,0.0,0.00650998450091,0.00948630257312
237,-1.43473927911,-7.47380531658,0.991872801359,39,0.301149266241,1.35141104653,0.156349195831,-7.22619493184,-7.85808178524,0.57594645038,1.22176819507e-16,-0.00798775271877,0.0,0.00646743988402,0.00798775271877
238,-1.42029205603,-7.46701242198,0.994184230525,38,0.269841498503,1.30975683586,0.191911406671,-7.05350163486,-7.89151970919,0.574881421255,-2.47404692352e-17,-0.0119847761014,0.0,0.00999887847228,0.0119847761014
239,-1.40376439228,-7.37667924538,0.993711905425,39,0.187580754605,1.206327662,0.179118295653,-6.99596035076,-7.8407626042,0.572987625269,-2.26311344392e-16,-0.00970831675433,0.0,0.00662890388961,0.00970831675433
240,-1.38010710644,-7.31780078478,0.994483515321,39,0.11069628507,1.11705558887,0.133307347899,-7.08658028086,-7.55081401949,0.571419480835,-2.90863410315e-17,-0.00700577194368,0.0,0.00651021236451,0.00700577194368
241,-1.37664603407,-7.34478119501,0.994354757928,38,0.0670621964084,1.06936198658,0.135874310297,-6.97598189278,-7.60352315778,0.570602398423,-1.88806514772e-16,-0.00921066457861,0.0,0.00648914722314,0.00921066457861
242,-1.3485664812,-7.24553861351,0.994268208346,38,-0.00866889096077,0.991368575532,0.144596674179,-6.91727541653,-7.60479200013,0.568741003444,-2.7251230759e-16,-0.00978871857943,0.0,0.00652459675228,0.00978871857943
243,-1.32637804342,-7.30123844773,0.993736769764,38,-0.0449765416887,0.956019908183,0.167800693444,-6.95226532323,-7.64180355214,0.567608604595,2.60176324712e-16,-0.00885199120933,0.0,0.00993108301913,0.00885199120933
244,-1.31420653147,-7.2084591118,0.995572519983,38,-0.0831288309938,0.920232585105,0.134591132601,-6.78671777294,-7.4916574743,0.5658529063,3.06002205444e-16,-0.0104424204353,0.0,0.00656038918445,0.0104424204353
245,-1.28787993936,-7.17835780655,0.99580253006,38,-0.13896861723,0.870255339053,0.137382355153,-6.89326799616,-7.71596298744,0.565517660682,1.42244266452e-16,-0.00884091276416,0.0,0.00647631993388,0.00884091276416
246,-1.26552871768,-7.20091472994,0.994448352939,37,-0.185920300333,0.830339770148,0.168907031434,-6.81811324672,-7.52276421512,0.564650560333,3.22525351335e-16,-0.00837723883719,0.0,0.00653537170568,0.00837723883719
247,-1.25990220873,-7.19202714761,0.995609115894,37,-0.222735569387,0.80032645213,0.169014101597,-6.87261966187,-7.69604185568,0.56487765194,2.62482103305e-16,-0.0108682507348,0.0,0.00644773763268,0.0108682507348
248,-1.24240775017,-7.10811505849,0.995885333641,37,-0.244640366089,0.782986075958,0.152074486107,-6.74766126538,-7.42836795447,0.565020069678,8.82448236347e-17,-0.0100716758539,0.0,0.00994014090048,0.0100716758539
249,-1.22820664912,-7.20218618261,0.99483011523,36,-0.27553289441,0.759167459318,0.173989387519,-6.75501693502,-7.5859060485,0.563376247608,1.02085420349e-16,-0.00947298007951,0.0,0.00646606247711,0.00947298007951
